page,date,loop,score,decision
jabal-al-qarah,2026-08-29,1,86,RETURN (judge said APPROVE below threshold — overridden per config; notes applied at stage 2)
jabal-al-qarah,2026-08-29,2,93,APPROVE
ui-chrome (79 strings: nav/foot/det/search/cat/misc),2026-08-29,1,93,APPROVE
home+attractions-index (62 strings),2026-08-29,1,92,APPROVE (judge notes applied: s3.d trim + 甘甜 + search ellipsis)
batch-1: qasr-ibrahim + qaisariyah + jawatha-mosque + ardh-alhadarat + jawatha-park,2026-08-29,1,92,APPROVE (advisories applied: 欧姆兰 + 归信 + 费用)
batch-2: al-uqair + lemon-farm + sahood + ameeriah + muhairis,2026-08-29,1,94,APPROVE_PARTIAL→APPROVE (first run of stage 6.5 blind reader; P5 fixed per judge: removed wrong 统治者 title — Saud not yet ruler in 1794)
batch-3: khuzam + baiah + uqair-castle + jabri-mosque + jalaniyah,2026-08-29,1,96,APPROVE (top score; new calendar convention 公元+brackets adopted site-wide; blind reader caught 东北约/时下/日更 misparses)
lomi-terminology,2026-08-29,1,-,DECISION 青柠 not 柠檬 (Eyad field research: green color + local name Ben Zuhair = C. aurantiifolia) — applied to lemon-farm + home route
food-map (8 dishes + FoodView chrome + 10 map.* keys),2026-09-02,1,94,APPROVE (blind reader notes 1-9+11 applied: mandi card rebuilt / 炉息 coinage removed / sago 煮至晶莹+历史悠久+色泽·清香 split / khubz-ahmar filler cut with C5b pairing intact / 查看详情; note 10 deferred to coordinator as rendering item; no fact-adding suggestions were offered so none rejected — meat type deliberately kept unspecified 肉类或鸡肉)
fruits (15 cards + 4 groups + FruitsView chrome + meta),2026-09-02,1,94,APPROVE (blind reader notes 1-3+5-13+15 applied: 本国及国外品种 / 软熟鲜椰枣 first mention / ministry name de-enumerated 沙特环境水务与农业部 + termbase updated / hedging 约 cut / 透着琥珀色 / lomi custom recast 一起动手榨汁晒制成青柠干 / melon 代代留种选优 / pomegranate 硕大者+苏瓦里 and 难觅其踪 dropped / mulberry colon→period / 了解 / 皆可食用 / 当前显示：; note 14 judge ruling: 吉庆果实 for the Quranic fig — Sino-Islamic baraka register, neither 蒙福 nor 受赞颂; note 4 rejected structurally (pomegranate seasonless per Eyad); note 16 kept number-CJK space per site convention)
events (10 events + lomi editorial + EventsView/EventDetailView chromes),2026-09-02,1,94,APPROVE (all 18 blind-reader notes applied — 17 as-is + note 9 softened to 贯穿斋月（夜间举行） without 整个 to avoid overclaiming vs «ممتدة»; note 12: related label matched actual fruits title 哈萨时令水果 from fruits/03-final since no 04-approved exists yet — sync if fruits judge renames; eyebrow unified 绿洲的节庆时令 in both chromes; statusL.expected=预计档期; nowBadge=正当季; countdown unified on 今天; termbase jameed comma form; no note added/dropped a fact so none rejected)
plan-trip (getThere 3 + practical 4 + tips 4 + faq 13 + chrome),2026-09-02,1,93,APPROVE (all 13 blind-reader notes applied — train sentence in faq[7-distance] verified present in Arabic source so kept with 此外，若选择乘坐火车 connective; subject fixed 从哈萨出发……可便捷前往; getThere rail split with explicit 乘火车 subject; 预约购票 / 官方 App / 从抵达到返程 / 临近傍晚 / realistic Q 卡拉山几点开放？门票多少钱？(fee already in answer — no fact added) / Khalas parens merged / 名为“苏瓦里”的石榴 smoothing / practical[2] split / 夜间活动+逛逛公园 / farm-breakfast recast; judge additions: 软熟鲜椰枣（Rutab） first-mention rule enforced + 每年年初则迎来椰枣节 dedup; no note deleted or added a fact so none rejected; product alert Google-Maps-in-China escalated to coordinator without text change)
indexes (blog 8 + stay 18 + dining 41 ui strings),2026-09-02,1,94,APPROVE (all 12 blind-reader notes applied — all linguistic / none touched facts so none rejected: closure badges to （据谷歌地图） parenthesis form with attribution kept / dining.heroSum recast as two sentences with 既有……也有…… parallel / stay 住宿选择 / 不做排名 / 核实后才会发布 / 简介仅依据照片所见撰写 in both methodP1 / hoursNote 各场所谷歌地图页面 verified against Arabic رابط المكان = the Google Maps card link / faq answers restructured with colon+semicolons content verbatim / judge ruling note 9: cafesEyebrow = 致咖啡爱好者 terse like sibling eyebrows / faq1 这里的代表菜有…等 / dash density reduced where easy 有。/不会。 openers + comma or semicolon swaps; placeholders ${fetchedLabel} ${diningEntries.length} literal / live+noLive branches intact / Latin marks Ratio Al-Koot 7st Baking Up Dot untouched / 红面包=椰枣面包 pairing intact in heroSum+bakeriesNote+faq4; misparse sweep re-run clean)
batch-4: dibs + bubakr-ribat + qubba-mosque + tahimiyah-s + tahimiyah-e,2026-09-02,1,92,APPROVE (min of pages 94/93/95/92/95; 34 of 42 blind-reader notes applied fully or partly — subject-first openers on all five bodies (dibs/qubba/tahimiyah-s/e) / dibs summary opens with the page name 迪布斯清真寺本名法提赫清真寺 / 依旧貌→按原貌 / 寺院→清真寺 / ribat summary explains 宗教学舍 + waqf relation and (Ribat) moved to 里巴特（Ribat） / light connective 布巴克尔 = 阿比·伯克尔 local form (inferable from «المعروف محلياً») / 收留→而设 / qubba: 约 5 年 forward chronology, (Qubbah，意为“穹顶”), 一处传授《古兰经》 misparse fix, lyrical dash recast / judge ruling Thuluth → 苏鲁斯体 single form (三一体 kept in termbase note only — evokes 三位一体) / tahimiyah-s: 本寺（西清真寺）与东清真寺 explicit, placeholder 待确认（信息更新中） kept verbatim in summary+body / tahimiyah-e: 努乌什 glossed 灵柩 to close the dangling 因为, 旧日 dropped (English-only 'old', absent in Arabic), 祖海里 detached from 海里 misparse, 顺道一访; dashes: summaries 0, bodies dibs 1 only; rejected: area_zh 小——大 site pattern ×5, 效忠之家（拜特·拜阿） termbase form, 法鲁赫·帕夏 interpunct, 谢赫 gloss position (baiah precedent), 法官 (baiah precedent), summary/body gloss repetition (body rendered alone), 之一 hedges = source hedges, 哈萨绿洲 anchoring (UNESCO bare name), tahimiyah-s content gap (source has none), 紧靠 (Stage-4 相邻); no number/date/name changed)
batch-5: hubaish + umzurainiq + uqair-mosque + abubakr-mosque + shaban,2026-09-02,1,92,APPROVE (min of pages 94/94/92/94/93; 29 of 47 blind-reader notes applied fully or partly — sentence-initial 它 removed on all four mosque bodies (该寺/这座清真寺/omission) / restoration template varied 完成修复 + 如今已恢复日常礼拜 / 日常礼拜之所 / 旧貌得以保留 / hubaish five-fact sentence split in three + chandal gloss 进口木料 (no 木杆 repeat) + summary reordered / umzurainiq which-clause → 最古老的街区之一——欧韦米里亚区, summary carries the full quoted project name / uqair-mosque 港口设施→港口建筑, RCJY read as one body via 这一机构, final double-的 tail recast 老港口……往事里，也有它的一页 / abubakr appositives 学者世家阿比·伯克尔·穆拉家族, 及其→与, judge connective 寺名里的“阿比·伯克尔·穆拉”正是这一家族之名 (inferable from AR summary) / shaban summary referent fixed 而在古代史籍中，“沙巴安”原本指的是卡拉山, colon-in-colon removed, 孤立, 流水, 详见, area 图韦西尔村; rejected 18: Latin glosses for district names, 里法阿南区 recut, 哈萨 anchoring, 谢赫 interpunct, body 伊历 (summary is the page's first mention), 历史清真寺 category term, 阳台→环廊 (source 'balcony'), 海湾 naming, 埃米尔府 annotation, RCJY dash / 列入, 小巧 vs expansion + cemetery-name + two-restorations + whose-east + visiting info (source-driven gaps); no number, date or termbase name changed)
batch-6: kanzan + arbaa + thulaim + tuwaither + asfar,2026-09-02,1,92,APPROVE (min of pages 93/94/93/93/92; 31 of the blind reader's 38+8 notes applied fully or partly — mandatory 和平缓易登 misparse fixed 山坡平缓，易于攀登 / 北大门 → 北部入口 (literal المدخل الشمالي, kills the 北大 misparse) with 旅游门户 kept for بوابة / all five ambiguities settled from the Arabic: 丙-4 reading (a) 既靠近乌尤恩，又靠近绿洲北侧的公路, 丁-4 area belongs to the resort 占地 10 万平方米的旅游度假区 + 拟 for not-yet-built, 甲-9 如今 transition added (no fact), 乙-6 quotes kept as 道路“人性化”改造工程 + 更方便到达, 戊-6 黄湖 termbase form kept / kanzan summary+body semicolons and colon gone, 四座村庄, 叫它, double 的 removed with 深受喜爱 (favourite ≠ 热门), 东北方向约 kept vs reader's 东北约 / arbaa colon-apposition split, Taraf moved beside the location, 因侵蚀而分开, 野外出游 → 沙漠出游 (رحلات برية) on both pages / thulaim 提议 tautology, 去沙漠出游或漫步都很方便 / tuwaither 村落带 → 村落地带, 地处 / asfar double 之一 → 名列其中, 寻求宁静与开阔视野的人们, 湖泊 subject, 染上一层金色, bestTime 熠熠生辉 (no 金 added); rejected: 哈萨绿洲 anchoring, uniform Latin glosses and Jabal-dropping (termbase), 《》 on the list, 十二 → 12, 待确认 shortening, area 小——大 dash, 史书 qualifier, 据推测 attributor, 人性化 explanation, resort operator, reserve level and lake details (source gaps), th-transliteration doubts (GB/T table); new termbase rulings 沙漠出游 and 哈萨东部村落地带; no number, date or termbase name changed)
batch-7: uqair-beach + salwa-beach + hubail-lake + king-abdullah-park + delfoon-lake,2026-09-02,1,91,APPROVE (min of pages 94/93/92/91/93; 25 of the blind reader's 8+26 notes applied fully or partly — mandatory 海水平静 misparse fixed 海水清浅平静 / uqair 70-char colon+semicolon sentence split in three, 绵延铺展 → 铺展, summary vs body twins varied 最古老的…胜地 / 历史最久的…度假地, dangling 旁边 → 紧邻处, bestTime 下午稍晚以后 (keeps onwards), caravan attributive split 设有一处专用房车营地，由哈萨市政局设立 / salwa 此处正是 → 这里也是, 沙特王国 → 沙特阿拉伯, 沿着海湾延伸, administrative clause joined to the sands clause as the Arabic و does, 被称作 → 被誉为海湾最美之一, birdlife own sentence, 家庭小聚 → 家人相聚, 海滩及其公园 → 海滩及附属公园, 修建…并配备了户外健身器材 / hubail 农田的农业排水 → 农田的排水, 一座湖泊, 湖面范围 → 湖的面积, 长年汇聚 / king-abdullah body given its subject 阿卜杜拉国王环境公园是一座…, 与 → 和 / delfoon 实为一片季节性小湖群 bridge, 哈萨北部的胡拜勒湖附近, 便会成形 + 就成了 (no 便/便 clash), 喜爱的好地方 / 去处 removed on all five pages, colons and semicolons gone from bodies, 待确认（信息更新中） verbatim with 可靠来源 kept once per stub page as a forward clause; rejected: 起伏 dune descriptor, dropping 专为游客 or 行政隶属, 一旁的公园 (position), 排污点 → 污水排放点, gloss positions 乌盖尔（Al-Uqair）海滩 / 贾富拉（Jafurah）沙漠, uniform Latin glosses, 海湾 naming, 哈萨/哈萨县/哈萨市政局/市政部门 unification (four referents), area 小——大 dash ×5, numeral spaces, 环境公园 explanation (Ctrip-bound name), salwa summary drop of 最东南端, source-gap questions on all pages; no number, date or termbase name changed)
batch-8: national-park + najm-park + mushaqar + kanzan-park + koot-park,2026-09-02,1,93,APPROVE (min of pages 94/93/93/93/93; 30 of the blind reader's 34+6 notes applied fully or partly — mandatory classifier fix 200 万棵耐盐的本地树种 → 栽种耐盐本地树木 200 万棵 / 它的故事始于 → 公园的由来可追溯到……：那一年 / najm first sentence de-nested with 修建并管理 merging the two municipality facts once / 向沙特 misread killed by fronting the title clause 向后来成为伊玛目的沙特·本·阿卜杜勒阿齐兹宣誓效忠 + 近一个半世纪后的伊历 1367 年 (interval derived from the two sourced dates) so the 1948 King reads as another person / 疗养 causal rebuilt 因此人们称它为沙特阿拉伯第一处专为疗养而设的旅游景点 / 2015 年年中 → 2015 年中期 (bare 年中 would blur mid-year) and 年年底 → 年底 on kanzan-park + koot-park / mushaqar 取意于 → 以这座古堡为灵感建成 in summary + body with “穆沙卡尔宫” named in the summary / 那是…… → 这座古堡可追溯至伊斯兰教兴起之前 and 其名 → 穆沙卡尔堡之名 with a colon into the market sentence / 农园 → 葱郁田园之中 / kanzan-park summary given a predicate 正在舒阿巴山（史称坎赞山）上建设一座山地公园 + 这片山体 → 这座山上 + 公园上部区域……部分投入运营 + 总长约 1100 米的一组人工瀑布 (source plural surfaced) + 三个站点……两个湖泊 + three-name relation smoothed 即坎赞山公园，其官方名称为“舒阿巴山公园” with the title kept / koot-park 库特区 reparsed by context 位于胡富夫历史城区，坐落在库特区的中心地带 + 由……揭幕启用 + enumeration rhythm 还有一片阴凉的儿童游乐区 + 属于……一部分 → 也是……一部分 + 自然的歇脚地 → 自然而然地成为……一处歇脚处 with the source causal kept; 17 notes rejected: no space digits-CJK (site convention) / one calendar for all dates (Gregorian-only source dates stay so) / gloss policy + 《》 for Ayyam al-Arab (genre not a work) / retitle kanzan-park / 库特街区 + 人性化城市 renames (termbase) / summary 之一 alignment (Arabic summary is superlative) / 伊玛目 ruler gloss + 沙伊巴尼 identity + Jawatha-forest relation + 1100 米 explanation (would add facts) / placeholder halves / 场地 drop (sourced arenas); termbase additions carried 29 with Saud 1799 entry re-formed as 后来成为伊玛目的沙特·本·阿卜杜勒阿齐兹 and the 艾因 tail lightened to （“艾因”即阿拉伯语“泉”）; 欧姆兰市 classifier ruling annotated; misparse + traditional + gloss-once + calendar-order sweeps re-run clean)
batch-9: musa-park + stadium-park + ahsa-museum + ahsa-house-museum + khalifa-museum,2026-09-02,1,92,APPROVE (min of pages 93/94/93/94/92; 24 of the blind reader's 6+34 notes applied fully or partly — mandatory khalifa final sentence rebuilt in parallel clauses 此外还设有……等专区，以及一处呈现阿美石油公司（Aramco）时期的展区；另有一间会客厅，按哈萨“迪瓦尼亚”（…）的样式布置 / ahsa-museum six-fact opener split in two + 政府官方 → 哈萨绿洲的官方博物馆，由政府开办 + 伊斯兰各时期 → 伊斯兰时代的各个时期 + 30 至 40 年代 / musa 12 余套 → 12 套以上, inclusion phrase varied across its three mentions with 融合 kept over 共融, Khobar sentence moved after 第二座公园, gloss moved onto the quoted name “我们一起玩”（Nalaab Ma'an）倡议 / house summary no longer asserts the building is the old house 按哈萨老宅的样式布置 (founder short/full name kept per AR+EN) / 穆巴拉兹的费萨尔区·舒鲁菲亚区 with 的 / stadium 胡富夫的一座公共公园，紧邻体育场; 22 rejected: —— area pattern, numeral spaces, 胡富夫/胡富夫市 (source-driven), gloss density (termbase), 沙特阿美, CE year for 1404 AH, relocation and 15 other source gaps; Gerrha 格拉 and 艾因卡纳斯 Stage-4 rulings confirmed; Saudipedia 16-shop/300 m² discrepancy not imported)
batch-10: abdulrazaq-museum + dar-alturath + dhafar-museum + najim-museum + craftsmen-souq,2026-09-03,1,93,APPROVE (min of pages 93/94/93/94/94; 25 of the blind reader's 33+9 notes applied fully or partly — coordinator ruling surname العرب → 阿拉卜 (title + body + termbase; kills the 阿拉伯博物馆 = «museum about Arabs» misread and the clash with 沙特阿拉伯 in the same paragraph; precedent 锡尼/奥拉雅/乌尤恩) / abdulrazaq 有据可查 re-attached to the collection 沙特阿拉伯教育史这一有据可查的专题收藏, 早年→早期, 750 个工时 with the project as explicit subject, 民俗文物, summary 位于胡富夫的私人博物馆 / dar-alturath one bracket Latin-only 遗产之家（Dar Al-Turath） (达尔·图拉斯 dropped — reader took it for a second official name; termbase zh form updated), 承袭家族收藏文物的传统, 以新面貌揭幕 (source «developed form», no 重新), list re-cut with 其中一些 kept on the weapons, sentence-initial 而 gone / dhafar one museum-name form title = body (no 本; person entry keeps 本), summary hedged 据称在沙特阿拉伯尚属首例 with 独特 for الفريدة, quoted section names, 据称是……同类博物馆中的第一座, 有了民俗与童子军这两部分收藏……跻身……之列 / najim 藏品分布于 26 个专题展区, 男宾会客厅与女宾会客厅 (dual), licence + praise joined at the end, 文化遗产价值很高的一座私人博物馆 (中文 misparse avoided) / craftsmen summary re-cut so 由哈萨市政局主管 attaches to the souq, 一脉相承 for يرتبط (link not cause), 市集的兴建; new termbase rulings 阿拉卜 (family name) and 遗产 abstract vs 文物/传统文物/民俗文物 countable; 32 notes rejected: area 小——大 ×5, numeral spaces, 哈萨 anchoring, 私人博物馆 in body (source), 老物件/民俗/众多/传统服饰/五个 additions, 本地区 (source في المنطقة), 绿洲东部 vs 哈萨东部 (each mirrors its own Arabic area), 重新揭幕, 部分藏品 detachment, 开发→保护/更新, 12,000 separator, 泥炉（坦努尔）, title/kicker naming (source differs), and all source-gap questions (renovated vs new-built, family lineage, scouting scope, machines, academy enrolment, plaza events, UCCN mechanism); no number, date or bound termbase name changed)
batch-11 (final): duqat-algharash + strawberry-farm + sawsan-gardens + taraf-zoo + hamidiyah-souq + women-souq + zaki-alsalem-farm,2026-09-03,1,91,APPROVE (min of pages 93/92/91/93/92/92/93; 22 of the blind reader's 41+8 notes applied fully or partly — mandatory hamidiyah subject slide fixed with the project as explicit agent 市集在胡富夫历史城区开发项目中重建，同一项目还重建了凯萨利亚市集，并新建了手工艺人市集 (the souq no longer reads as the agent that rebuilt Qaisariyah) / taraf 在当地的家庭出游中，这里清静从容 → 这是当地一处清静的家庭出游去处，也方便和塔拉夫的乡野、绿洲南部安排在同一趟行程里 (从容 dropped as a person-only descriptor; Arabic «الهادئة» is the arbiter) / zaki 沐浴 de-stacked 游客可以在一片绿意里泡一泡温热的泉水，水中富含矿物质 with 温泉 avoided (source does not warm the spring itself) / duqat 的 licensed in running text only 加拉什家族的杜加陶坊（Dougha Al-Gharash） to break the five-character misparse, title unchanged per Stage 4, 据媒体报道 → 媒体报道称, 坊中/坊里 unified, 驻足+一站 de-duplicated, stages re-cut 从揉泥、陶轮拉坯到入窑烧制 / one-sentence pages differentiated within the source's single sentence (strawberry summary 乌盖尔路旁的一座草莓农场 vs body name-first; sawsan 就在 vs 坐落在) and 弥漫着……气息 replaced by 哈萨绿洲之中 (smell reading), 应季时 → 到了季节 / taraf summary re-ordered 塔拉夫镇的一座动物园，就在胡富夫以东 (kills the 东塔拉夫 place-name misread), 至于 opener and the bracket-plus-dash pile-up split in two sentences, 创建 → 建园时间 / hamidiyah comma inserted between the two long transliteration strings, 自成一体 → 连成一片, 待/待 de-duplicated / women 场景之一 → 一景, 一带的中心 → 市集区的中心, 实施改造提升 → 做过改造提升, 日常家居用品 → 日常家用杂货 / zaki 名为……的 inverted to 名叫“扎基田园”（Aryaf Zaki）, 吸引着……前来 → 游客也会专程前来, summary head-noun freed 种植哈萨红米规模最大的农场之一, 绿洲的其他作物 → 绿洲出产的; 27 notes rejected: placeholder 待确认（信息更新中） splitting (binding verbatim) ×3, area 大→小 unification ×3 (shape mirrors each file's own Arabic field — comma with comma, dash with dash), numeral spacing (site convention), gloss-policy unification and the 己 English gloss (title_en, craftsmen-souq precedent), title recut for duqat and 苏珊/Susan (Stage-4 naming rulings), 里法阿北区 bracketing (bound term), duqat causal 因此 and the twin superlatives (both in the Arabic), zaki 天然+从地下涌出 (both in the Arabic), 游览 field label (mirrors «الزيارة», hubail-lake precedent), 各种动物 (source «طيفاً من الحيوانات»), reliable-source tail (source «من مصادر موثوقة قبل نشرها هنا»), and every source-gap question (why 'women's' souq, rebuild year, bird species, picking month, zoo ticketing, spring access); no number, date or bound termbase name changed — 600 多年 and 法国、美国和加拿大 verified against both sources; 19 termbase additions carried at verify:false with three new judge rulings annotated (的 licence in duqat running text, 老苏韦格市集区, 名叫 name-after-thing for Aryaf Zaki))
batch-12: souqs-parks-farms index chrome (list2.eyebrow/title/lead),2026-09-03,1,95,APPROVE (APPROVE 95 loop1 — blind reader: note 6 confirmed (no segmentation traps); notes 1/2/3/4/5 rejected — eyebrow is TM-bound to identical Arabic; 园林 keeps the Arabic حدائق vs المنتزهات distinction and matches the page label 公园与园林; 绿洲的 keeps the possessive (no 里); 大地 adds imagery absent from خيرات الأحساء and breaks the 绿洲的馈赠 precedent; 两短一长 punctuation kept; 凯萨利亚 vs VisitSaudi 凯撒利亚集市 recorded as termbase note pending Eyad; UNESCO 花园 recorded as note on Al-Ahsa Oasis entry; strings unchanged from stage 5)
qaisariyah-spelling,2026-09-03,1,-,DECISION 凯撒利亚集市 (VisitSaudi zh) replaces house form 凯萨利亚市集 — Eyad ruling after batch-12 stage-4 finding; 27 occurrences migrated in 13 files + termbase 8 fields; generic souq head noun 市集 unchanged
batch-13: plan (my-trip) chrome (27 plan.* keys) + qaisariyah migration proof,2026-09-03,1,92,APPROVE (APPROVE 92 loop1 — 11 of the blind reader's 15 notes applied fully or partly; verb set for the page unified on 加入(我的)行程 (Stage 4's «site verb is 收藏» was a misreading: fav.add/fav.added use 加入; 收藏 is marketing copy in home.plan.lead only) while 保存 stays for device storage / eyebrow 您的专属计划 → 您的专属行程 / lead 调整好顺序 → 安排好这些景点 because PlanView has no reorder control (source-level overclaim rendered in the planning sense of approved 安排好每一天) and 获得 → 获取 / chip 处景点已收藏 → 处景点已加入行程 (four keys identical) / routeLimit 站点 → 地点 and 打开的路线 → 路线打开后 (途经点 still rejected: shifts the 10) / location 查看位置 ↗ → 在谷歌地图中打开 ↗ verbatim det.openMaps (same pin hand-off; 在地图上查看 means the internal map here) / empty.d 汇集 → 收集 and 目的地 → 想去的地方 / shared.h 分享给您的景点列表 → 他人分享的景点列表 (imperative misread; 好友 rejected) / shared.d 自己的“我的行程” → “我的行程” / shared.import 加入我的行程 → 全部加入我的行程 (Arabic أضفها = the list; handler imports the whole array — referent not fact) / shared.mine 查看我自己的行程 → 查看我的行程; rejected: 谷歌地图导航 (navigation ≠ open the route) / 一键生成路线 ×2 (generation claim) / 手机／电脑 and 只 (additions) / 复制链接 (Arabic says رابط المشاركة) / 官方发布 (EventsView wording kept) / 为您定制 (定制 overclaims); no number or bound term changed; 集市/市集 head-noun collision left for Eyad — exhibit sentence (hamidiyah-souq body): 市集在胡富夫历史城区开发项目中重建，同一项目还重建了凯撒利亚集市，并新建了手工艺人市集 — three market nouns two spellings five characters apart; unification would touch termbase 手工艺人市集 (line 2443) 哈米迪耶市集 妇女民俗市集 传统市集 and cascade to their pages)
batch-14: establishment cards blurb_zh/area_zh/alt_zh (29 dining + 2 stay),2026-09-03,1,92,APPROVE (applied 22 reader rewrites wholly or partly and rejected 11 · 5 mandatory segmentation recasts (树立 墙墙 下摆 点缀的点单台 面饼摊) · Aknan floor opening 采光玻璃 not 天窗 · heritage inn common noun = 传统客栈 in both Al-Koot cards · batch-wide 立面→门面 座区→座位区 岛式→中岛吧台 点单→点餐台 · Arabic asides kept in native form (店家自称 / 走现代快餐路线) · area shapes mirror the Arabic and 卡拉——卡拉山脚下 kept · 25 blurbs changed vs stage 4-5)
batch-15 (faq zh): al-uqair + ardh-alhadarat + asfar + craftsmen-souq + delfoon-lake,2026-09-05,1,92,APPROVE (APPROVE 92 loop1 — min of pages 95/94/95/92/93; 6 of 14 blind-reader notes applied wholly or partly: asfar#2 garden-path 阿斯法湖是哈萨绿洲 recast as 哈萨绿洲以十二处组成部分列入……阿斯法湖就是其中之一 (bound term intact) / craftsmen#0 每日 dropped for 一般为 7:30–24:00 with the Sun-Mon 7:00 and Fri 14:30 exceptions spelled out as 开门 (no digit changed; per-day enumeration rejected as not on the card) and attribution restored to 市集方 (Arabic المؤسسة = the souq; 商家 read as one of 112 shops) / craftsmen#1 subject 市集里有 added and academy clause re-cut with 执教 (坦努尔泥炉面包坊 kept per batch-14) / craftsmen#2 question aligned to 主管 (source يشرف) / delfoon#0 question recast as 是……吗 so 不是 answers it and the 顿号 replaced by 只有到了雨季……后 / ardh#2 按时间顺序 for spoken register (遗产村落 kept); 8 rejected by precedent: team-confirmation suffix wording and its asymmetry (mirrors source) · bestTime_zh verbatim reuse ×2 · shared tm suffix 节假日 (no 沙特 in source) · question order = source index · body_zh 洞穴体验 · 欧姆兰市 (batch-8) and 毗邻卡拉山 (area shape) · 哈萨 anchoring · 公共自然景点 = card value_zh · all source-gap asks (child fares / distance / dry season); forwarded to coordinator: card source_zh 商家→市集方 and termbase Civilizations→Civilisations spelling; hours-template ruling for batches 16/17: 每日 only where the card has no per-day exceptions)
batch-16 (faq zh): hamidiyah-souq + hubail-lake + jabal-al-qarah + jawatha-mosque + jawatha-park,2026-09-05,1,91,APPROVE (APPROVE 91 loop1 — min of pages 93/96/94/91/93; 7 of 16 blind-reader notes applied partly: hamidiyah#2 遗产市集群 recast as 彼此相邻的一片遗产市集 (kills the 遗产市/集群 cut and pins 相邻 to mutual adjacency; 集市/市集 split left for Eyad) / hubail#0 排水 → 排出的水 / jabal#2 literary phrasing tightened to 盛夏时节凉爽 隆冬之际温暖 with no cause added (source gap; C16 intact) / mosque#2 tribe made the actor of the prayer instead of 礼拜者是部落 / mosque#3 + park#3 unified to 在哈萨东北部的基拉比亚 because both area_zh are identical with no 村/镇 / park#2 page-stated 开阔绿地 + 适合全家出游 added; 9 rejected by precedent or constraint: bound terms 民俗市集 遗产地标 遗产村落 发展项目 · Latin glosses · 里法阿北区 and 谢赫 spacing (batch-5) · bestTime_zh verbatim · 公共自然景点 and 周边公园 = card value_zh · verified card outranks body 待确认 (batch-15 delfoon#2) · all source-gap asks (10–15 breakdown / 山脚下 / etiquette / physical cause); no digit changed; forwarded to coordinator: Arabic-source قرية vs بلدة for Kilabiyah · 周边公园 vs 园内 spatial relation · mosque 全天开放 vs park 8:00–24:00 · 10–15 ticket-type breakdown · 相传 hedge on the second Friday prayer · termbase Civilizations spelling)
batch-17 (faq zh): qaisariyah + qasr-ibrahim + uqair-beach + women-souq,2026-09-05,1,92,APPROVE (APPROVE 92 loop1 — min of pages 92/94/95/92; 3 of 9 blind-reader notes applied partly: qaisariyah#0 周五仅傍晚时段营业 → 周五只在下午至晚间那一段营业 (傍晚 clashed with the 15:30 slot; no digit re-stated for Friday since the card does not bind Friday to 15:30–22:00) / qaisariyah#2 list-reading 首先是 dropped for body_zh order 市集的招牌是著名的哈萨比什特长袍 (最有名 rejected as superlative not in source; Bisht gloss rejected by gloss policy; bound name 哈萨比什特长袍 intact) / qasr-ibrahim#3 dash + 凭这片肌理 recast as 而哈萨绿洲正是凭这片老城肌理于 2018 年列入 (UNESCO sentence kept as in source answer; 老城正是其中的组成部分 rejected as not on page); 6 rejected by precedent: bestTime_zh verbatim ×2 (qaisariyah#3 陆续开门 vs 15:30 and uqair-beach#1 稍晚以后 forwarded as source-level) · uqair-beach#3 哈萨以东 = area_zh shape and a_en · women-souq#0 team-confirmation suffix kept on the card own-row source_zh 本站编辑团队确认 with template placement unchanged for parity with al-uqair#0 (核实 rewording refused) · women-souq#1 里法阿南区 bound term (batch-5 ruling; third blind-reader hit recorded) · women-souq#2 日常家用杂货 = same-page body_zh (batch-11 ruling); forwarded to Eyad: Friday-evening card wording vs 15:30 slot and bestTime 店铺陆续开门 tension on qaisariyah; no number or bound termbase name changed; templates byte-identical)
"zh-fix-women-souq: women-souq (delta after three source updates)",2026-09-09,1,91,"APPROVE (الفجوات الخمس سُدَّت بلا واقعةٍ مخترعة، والمنشورُ مصونٌ بالبايتات (فحصتُه بنفسي)، وسندُ ويكيبيديا المدّعى مردودٌ بحقّ (فتحتُ المقالة فلا 贝都因妇女 فيها ولا 城镇، بل 城市生活 حرفاً كما قالت المرحلة 4) — والعثرات الثلاث التي أنشأتها الدفعة لا يستوجب واحدةٌ منها تصحيحاً في نصّ يُنشر اليوم، وعلّتُها الباقية علّةُ مصدرٍ أو قرارُ معجمٍ فوق مرتبة الدفعة.)"
batch-18 (blog zh): 24-hours-itinerary + 48-hours-itinerary,2026-09-10,1,91,"APPROVE (APPROVE 91 loop1 — min of pages 92/91; axes accuracy/nativeness/termbase/culture/structure 24h 28-27-19-8-10 · 48h 28-26-19-8-10; 41 of the blind reader's 37+44 notes applied fully (19) or partly (22) · 26 rejected · 14 logged as source defects — mandatory termbase compliance restored: the batch-11 duqat ruling re-applied as 加拉什家族的杜加陶坊 in running text with one Latin gloss （Dougha Al-Gharash） per page (title and heading kept without 的) / the dangling 还有 of ui.zh home.route.s2.d re-attached on both pages as 比什特长袍上的刺绣出自当地人之手 / 宫 vs 城堡 reconciled with the approved qasr-ibrahim clause 说是宫，其实是一座城堡 on both pages / the baiah three-name pile-up re-cut on the approved body_zh wording 这座宅邸当地人称之为拜特·穆拉 / 24h: intro semicolon split in two sentences · 钟点 → 时刻 with 行程各站 · 化解 → 避一避 · 时辰 → 时候 · 句点 → 恰到好处的句号 with the 48h twin varied to 用它为绿洲两日收尾 · 合 → 适合 · 先后 → 先后顺序 · 换成 → 看看 · 最实际的方式 → 最实际的办法 · 页面 → 这一页 ×2 · 本博客 → 本站博客 · 卡拉山洞穴 → 卡拉山的洞穴 (kills the 山洞 cut) · midday heat de-duplicated to 日头最烈时正好进洞避暑 / 48h: 神韵 → 韵味 ×2 · subjectless 生机盎然 → 250 多万棵椰枣树间处处是生机 · 两天分作两半 → 这两天，正好照绿洲自身的两面来分 · 绿 → 绿意 (heading + bold) · 上午稍晚 → 上午晚些时候 · 继续向东 → 再往东走一段 · the cave comma-chain → 洞穴由岁月在绿洲深处凿成 · 伊斯兰史上 → 伊斯兰历史上 · 墙垣 → 墙 · 走遍 → 走一遍 · 善用地图 → 用好地图 · the two dining lines split on the EN verbs (gathered/browse) · description 一天 ×3 → 第一天/第二天 · title 随绿洲节奏 → 跟着绿洲节奏; rejected by binding or precedent: 哈萨 anchoring · a C15 qualifier on 全球最大的绿洲 · the C16 pair 盛夏时节凉爽，隆冬之际温暖 and its bold · 库特区 / 比什特长袍 / 主麻日聚礼 / 海湾 / 哈萨青柠农场 / the lomi bracket / the 集市-市集 head noun (Eyad) · approved page text 泥砖与石材在此相遇 and 历史校舍…“文化之家” and 尊重此地的神圣 · the plan.printNote tail · uniform Latin glosses · localising 节假日 (batch-15) · bold map = EN bold · source-carried titles and headings; 14 source defects logged (Qarah midday-vs-morning contradiction across the two articles · 48h «first light» against the 8:00 card · mosque entry and dress · no distance or drive time anywhere · the baiah judge and the 1913 pledge missing · Google Maps as the only route hand-off ×2 · three periods promised against seven headings · the disclaimer twice inside one article · FAQ museums-parks-weekly souqs absent from the body · citrus-season months); no number · date · link target or bound term changed; frontmatter keys · 12+14 links · headings · bold blocks and paragraph counts identical to stage 5; forwarded to Eyad: ui.zh 要塞 vs 城堡 for Qasr Ibrahim · ui.zh home.route.s2.d wording · the stale tm pair jabal-al-qarah body.3 世界上最大的椰枣绿洲 · EN «oldest» against AR «first» for Al-Uqair)"
batch-20260910 (zh delta): 24-hours-itinerary + 48-hours-itinerary + baiah fields + jawatha practical + ui keys,2026-09-10,1,93,"APPROVE (APPROVE 93 loop1 — min of pages 94/93/94; axes accuracy/nativeness/termbase/culture/structure 24h 29-27-19-9-10 · 48h 29-26-19-9-10 · fields 29-27-19-9-10; delta batch under ZH-W8/W9: not one line outside the `+` blocks of changes.diff differs from the published zh articles (line-diff checked), and all 13 judge edits fall inside new lines or new fields. 16 of the blind reader's 95 notes applied fully (9) or partly (7) · 55 rejected · 23 logged as source defects · 1 praise — 24h: FAQ2 光线转柔，暑气渐退 → 光线柔和，暑气尚轻 (the bound pair belongs to a bestTime that also covers sunset; the article's own body sentence is the arbiter) · 照得分明 → 上午的光线正好，最能看清它的建筑与内院 (kept distinct from the 48h twin per the owner's brief) · 都收在 → 都收录在 · 临行前……与之相称的句号 → 在离开哈萨之前……恰到好处的句号 · 应季时的哈萨青柠农场 → 到了季节的哈萨青柠农场 (乌盖尔路 precedent) / 48h: the two parenthetical dashes recast as 按**一天的节奏**从早晨排到日落，而不是按固定时刻 · 若不在季节里 → 若不在青柠季 / three pages: 归入沙特国家 → 归入沙特版图 (归入 collocates with 版图; the approved symbol clause 哈萨融入现代沙特国家的象征 untouched; 并入/加入/沙特阿拉伯 still rejected) — this amends the stage-4 ruling and is recorded in termbase-additions.stage4.json / baiah fields: summary split in two sentences with the dash turned into a comma · 也是家族里的教法学家与法官 → 也是教法学家与法官 (the Arabic possessive names the family's jurist and judge, not a judge inside the family) · 自那以后 → 此后 · 整座宅子 → 整座宅邸 · ground floor re-ordered on the walk (设有会客区，陈列着服饰与个人用品，楼上内侧的回廊俯瞰着庭院 — a gallery overlooking the ground-floor courtyard in a two-storey house is upstairs, entailed not added; 回廊 and «no 四周» stage-4 rulings intact) · 二层的房间大多用作 → 大多原是 (Arabic خُصّص is past, the house is a museum); rejected by binding or precedent: 哈萨 anchoring · 遗产街区/遗产市集/遗产腹地 · 冬暖夏凉 against C16 · 主麻日聚礼 · 比什特长袍 · 海湾 · 香水 · 民俗市集 vs 传统市集 · 伊斯兰历/伊历 (style_rules calendar) · uniform Latin glosses · 本站编辑团队确认 (third rejection, batches 15/17) · 时任哈萨法官 · the identical baiah paragraph in both articles (identical EN, 48h-20) · every protected tm pair (body.2 · tips.car · tips.plan · ameeriah · faq[1].a) · 您 (style_rules tone) · adding hours, dishes, dress detail, farm booking or transport alternatives (P5); 6 defects of batch-18 closed by the owner's source edits (Qarah midday-vs-morning · the baiah judge and the 1913 pledge · the three-periods promise · the doubled disclaimer · the FAQ weekly souqs · the citrus-season months), 1788 and 建国的象征 gone from every content field; 13 new source defects logged (SD12 what Al-Ahsa is vs Hofuf · SD13 durations/fees/Friday/season in 24h · SD14 day two promises «water» with no water stop · SD15 day one has no lunch or afternoon · SD16 mosque at midday against its own prayer-time caveat · SD17 lime season with no end month · SD18 summer afternoon at an open-air farm · SD19 no accommodation pointer · SD20 «steps away» vs the new half-kilometre · SD21 the judge's name in two lengths · SD22 body_zh renders as one 545-character paragraph — a DetailView rendering item · SD23 baiah has no practical block at all · SD24 ui.zh home.route.s4.d still carries 墙垣/伊斯兰史上 fixed in the articles by batch-18), plus SD2/SD3/SD4/SD6/SD11/SD-D carried; 11 termbase entries approved (9 verified · 2 pending web: 沙特文物与博物馆局 · 沙特国庆日) and the «people of Al-Ahsa» annotation approved as an annotation (哈萨民众 · 哈萨本地人; 哈萨人 still forbidden and absent); 31 new tm pairs, 2 removals (jabal-al-qarah body.3 世界上最大的椰枣绿洲 against C15 · 48h body.d1.koot carrying 公元 1788 年 and 沙特建国的象征); no number · date · link target or bound term changed; frontmatter keys · 12+14 links with trailing slashes · headings · bold blocks · paragraph and bullet counts identical to the English sources; the five approved baiah clauses byte-identical; ui keys close two batch-18 items: home.route.s1.d now 城堡 (was 要塞) and home.route.s2.d carries the approved article sentence; det.openAmap on the bound det.openMaps pattern)"
batch-19 (blog zh): crafts-tour + souvenirs-guide + worth-visiting + jabal-qarah-guide + hasawi-lomi + hasawi-lomi-history,2026-09-11,3,91,"APPROVE 91 loop3 — min of pages 93/91/93/93/92; axes accuracy/nativeness/termbase/culture/structure crafts 28-27-19-9-10 · souvenirs 28-25-19-9-10 · worth 28-27-19-9-10 · jabal 29-26-19-9-10 · lomi 29-25-19-9-10. Every must_fix of the three prior judgments verified executed in the text itself, not in its report: 11 items (A loop1) + 10 (B loop1) + 2 mandatory items in 7 places (A loop2) + 3 optional — zero left. Structure 10/10 on all five by machine count: headings, bullets, paragraphs, bold blocks, link count/targets/order identical to the English sources; 41 links all /zh/-prefixed with trailing slashes; zero Arabic-Indic digits (C4); zero U+00A0; number inventory matches the sources (200/600 多年, 250 多万, 10 万余, 1000 米 are Chinese numeral convention, not new figures); no fact outside the source. TWO judge edits, each completing a binding ruling issued inside this same batch rather than overturning one, each a substitution inside a standing sentence with already-attested text: jabal-qarah-guide faq[1].a — the last surviving instance in the batch of the page-personification class made mandatory in judge.A2 (本站的“我的行程”会把…变成 → the published tm pair 在本站的“我的行程”页面把这座山和周边的站点安排好，即可获取一条现成路线, 48-hours-zh:15, which judge.B itself lists as must_not_touch for this very slot; jabal had simply been outside loop 2's scope, and the same English sentence was rendering two ways in one batch — the PF1 split fixed for 绿洲人家的常备 and 本地品种名 Bin Zuhairi); and souvenirs-guide:22 — the （Rutab） gloss at first body mention (termbase entry 93 + romanization rule, and the word is in the English source: «golden as fresh rutab in summer»), the identical ruling judge.B made for the sibling article, so the term is no longer glossed in one article and bare in the other. Diff vs stage5b: two lines in the whole batch, byte-identical otherwise; 43 protected strings all present; counts of 站点 (5) · 集市 (10) · 市集 (24) · 织就 (1) · 绣成 (3) · 景点 (11) unmoved. Affirmed blind-reader.A3's methodological finding and sharpened it: the discriminator is not reader count but falsifiability — «a Chinese speaker wouldn't say this» is an intuition needing independent accumulation (提甜 → 增甜 → 提甜味, and 常备 rejected though it was chosen to satisfy the three readers who rejected 家常储备), while a subject-predicate mismatch, a subjectless clause, a wrong classifier or a termbase breach is checkable and one reader suffices; the blind score is a defect-finder, not a grade, and was not used as a pass/fail gauge (POL-5). A3's three new items each ruled on and all three rejected in writing (编织品……一门: the English «Palm-frond work» carries the same craft/ware duality and Chinese topic-comment resumption handles it, and every recast costs more than the mismatch; 来自……巷子: the English says «from Qaisariyah's passages» and the wrong attachment is semantically blocked; 看过各道工序，就: the sequence is in the source and «V 过……就……» is the standard sequential pattern). Confirmed the coordinator's Civilizations-with-z ruling on stronger grounds (entry 17 is verify:true and is a CITATION of VisitSaudi-zh, so it follows its source's orthography, not our English pages'; stage 4's «18 vs 1» mixed two fields; the Chinese corpus is split 1–1 so the verified entry breaks the tie) and voided stage 4's flip. No number, date, link target, bound term or frontmatter key changed. 36 new tm pairs, 0 removals — and deliberately no pair carrying 站点 (POL-1: memory would reproduce it every batch), with the 景点 sentence added instead as an attestation of the entry-390-compliant form. 9 source defects logged (sunset/evening overlap · 谷歌地图 blocked in mainland China across five published texts · Saudi Arabia never named in crafts-en/souvenirs-en while four blind readers read «哈萨» as 哈萨克斯坦 · souvenirs-en self-contradiction on where pottery is bought · the unmarked (Bin Zuhairi) bracket · the Chamber's partner dropped in the FAQ · fragrance as distinction vs preference · the jameed three-way ambiguity in both source languages and termbase entry 99 · 14 km² against 1000 m); 5 policy escalations (POL-1 站点 · POL-2 集市/市集 · POL-3 page_reference rule · POL-4 pinning the Civilizations spelling divergence in entry 17's note · POL-5 the blind score's standing). PUBLISHING BLOCKER PUB-1: posts.json carries six entries including hasawi-lomi-history, which does not exist in this batch — the publisher would write the five then crash with FileNotFoundError; the entry must be removed before running it. All five publish together: crafts-tour and souvenirs-guide link to each other, jabal depends on crafts, lomi on souvenirs, worth-visiting is independent — and all five clear the threshold so nothing goes to flagged.md and no link breaks. Every external target verified: both itinerary slugs exist, all ten linked attractions have title_zh, the lomi event and all six /zh/ index routes exist. Follow-up: with 7 of 8 posts now in Chinese, /zh/blog/ likely falls under the C22 threshold that put it in unlisted.ts — to be measured on dist, not assumed. || SIXTH POST ADDED 2026-09-11 (hasawi-lomi-history, judged in judge.C.json / judge-notes.C.md): APPROVE 92, one loop, axes 28-26-19-9-10; batch_score stays 91 (souvenirs-guide is still the minimum of the six). The research-register article (2289 source words, 17 references) took the batch's highest blind-reader mark (78) and perfect structure by machine count: 10 h2 / 27 paragraphs / 28 list items / 10 bold blocks with zero stray asterisks / 50 links in source order with the 43 external URLs byte-identical / 13 italics (scientific names only). Accuracy 28 not 29 because two accuracy-class defects survived all five stages and were caught only by the blind reader: 粮食作物 for «17 food crops» (a grain-crop class in Chinese, while the same sentence counts 来檬 and 酸橙 among them; the Arabic arbiter says «محصولاً غذائياً»), and an imported gloss for jameed at a spot where the English says only «the custom of jameed» and where the article itself defines jameed differently three paragraphs later (juice sun-dried and aged in glass jars) — the gloss came from termbase entry 100, whose key is sense-bound: «jameed (sun-dried lime preserve)». FIVE JUDGE EDITS on five lines, each logged before→after with its reason: the two above, plus 标定→定下 twice (an instrument-calibration verb with a historical document as its agent; the replacement comes from the article's own 定不下来) and 关乎→讲的是 twice (in the FAQ no contrast rescues the reading, so «has a bearing on the neighbourhood» displaces «is about the neighbourhood» — a meaning shift, not taste). No fact touched, proved element-by-element and in order rather than by counting: digit tokens 127=127, Latin tokens 380=380, markdown links 50=50, external URLs 43=43, frontmatter machine fields one md5 before and after, structure unmoved, five changed lines and byte-identical otherwise; C4/C15/C16/U+00A0 all zero; simplified-only across 607 distinct CJK characters; the publisher's five safety checks actually executed via check_post → PASS; misparse sweep re-run on the output — ten new bigrams, one of them a real word (用作, born of the 食用|作物 boundary) ruled harmless because 17 种 demands a nominal head and 食用作物 is a lexical compound; all batch precedents zero, and the four 家园 are the intended 最初的家园. FIVE ITEMS RULED AND KEPT with written reasons: 枚 ×10 (closed by my own earlier ruling with published attestation fruits.ts:298 and ZH-W10; four of the ten render the source's «one fruit»; the blind reader himself praised a sentence built on it), 记载 ×7 (the source deliberately distributes records/documented/showed and the translation preserves that as 记载/记录了/表明; 报道 is barred at the agency slot because the next sentence contrasts 官方来源 with 部分媒体报道 to justify the chosen figure; POL-5 bars executing a single reader's lexical objection), 得以蔓延 (得以 is an enabling auxiliary and enablement is exactly the claim: low diversity let the disease spread), 最初的家园 ×4 (the source itself separates the literary «first homeland» from the technical «centre of origin»/«native to», and the translation keeps 最初的家园 / 起源中心 / 原产地 apart), and the three Himalaya forms (the English has three too — Foothills / southeastern region / eastern foothills — and the Arabic agrees; unifying would give Chinese a precision the source lacks). 地方品种 is a difference of reference, not a contradiction: the source denies that Hasawi and Qatifi name the landrace, not that the fruit is one. The bibliography's platform-for-journal labels and the author-less, year-less item 6 are in the English list too — source defect, no deduction. Seven source defects logged for the owner (jameed defined two ways across the two English articles plus the published events.ts; reference 13 whose attribution never appears in the body; three names in the body against four in the bottom line; the missing Bin Zuhairi→banzahir link sentence; the bibliography style; «over 3 decades» rendered 30 多年 against the Arabic «خلال 3 عقود», left untouched because editing a quantity on a possible reading is not the judge's to do; and three en.wikipedia links blocked for mainland readers) and one new policy escalation, POL-6: termbase entry 100's gloss must be pinned in its note as sense-bound, or the same import recurs under the protected-string rule. PUB-1 closes with this output: posts.json's six entries now each have a final file, so nothing is deleted from the manifest and the publisher no longer crashes; PUB-2 and PUB-3 were executed by stage 4 in termbase-additions.stage4.json and verified in the file itself (the pantry entry now reads 绿洲人家的常备; the Civilizations key is clean, so the publisher skips it against entry 17). Termbase additions valid and complete for all three sub-batches: 58 entries plus a 59th added here (food crops → 食用作物) to close the withdrawn 粮食作物; no duplicate keys, no entry missing en/zh. TM: 15 pairs added (36 → 51), four of them pinning the corrections, none carrying 站点 or the 集市/市集 split. With this post the Chinese blog is 8 of 8, so the C22 reason for keeping /zh/blog/ in unlisted.ts disappears — to be measured on dist, not assumed."
